Account UUID,Sf Net Desk Change,Looker Net Desk Change,Sf Looker Difference,Sf Looker Absolute Difference
7fb26bd1-37d2-4266-87bd-2b8b0bfd6f7b,-1.0,0.0,-1.0,1.0
486105b0-23bc-0136-8990-0242ac112c08,-1.0,0.0,-1.0,1.0
ce90e5e0-2941-0136-bb90-0242ac111c09,-1.0,0.0,-1.0,1.0
34c59250-edc2-0135-6174-0242ac115108,-1.0,0.0,-1.0,1.0
ff16c683-90f2-45bb-b238-a60e100a45d1,-3.0,0.0,-3.0,3.0
765d1ae7-11bd-413f-8967-875e5b56ed99,-3.0,0.0,-3.0,3.0
8fad10ef-8a23-40dd-8783-6a3a1553de0a,-1.0,0.0,-1.0,1.0
e331f670-9a12-0135-081b-0242ac116705,-1.0,0.0,-1.0,1.0
45f37ab9-35fe-4c36-9c20-ac03a382b3ff,-1.0,0.0,-1.0,1.0
3836de83-1023-47f1-8b33-50d131ef08ce,-1.0,0.0,-1.0,1.0
c455e63c-9c87-41c7-bc18-b728389276c3,-1.0,0.0,-1.0,1.0
4fff5dc5-bbd6-42a9-8c6a-3cc1107be4f5,-1.0,0.0,-1.0,1.0
806801f1-645d-4658-b965-40f251609794,-1.0,0.0,-1.0,1.0
f47e84c3-3a5a-48ea-9a79-c08a6efb14b6,-1.0,0.0,-1.0,1.0
b702aee0-d5bc-0135-578e-0242ac112c0c,-1.0,0.0,-1.0,1.0
a847d6b7-ab15-4f0b-ae33-5df02ec36dfe,-3.0,0.0,-3.0,3.0
8310c0c0-2cd4-0136-5508-0242ac115609,-1.0,0.0,-1.0,1.0
76a51bf0-14ef-0136-259f-0242ac112c09,-1.0,0.0,-1.0,1.0
6e98a8c0-d7d1-0135-4c41-0242ac115107,-1.0,0.0,-1.0,1.0
2cd0f260-2aef-0136-2270-0242ac11510c,-1.0,0.0,-1.0,1.0
f283e870-99b3-0135-e18b-0242ac112c08,-1.0,0.0,-1.0,1.0
bdcd7ced-7820-4cbc-a169-0d4d1734e007,-1.0,0.0,-1.0,1.0
31343731-3238-4393-a338-313531383134,-1.0,0.0,-1.0,1.0
5f7c41b0-51c3-4313-9e61-8204100bfbf9,-1.0,0.0,-1.0,1.0
5c0ee340-a655-0135-1771-0242ac111508,-1.0,0.0,-1.0,1.0
785649e6-dd22-4b1f-92f3-76a03cf794a3,-1.0,0.0,-1.0,1.0
8fe2ae00-92b4-4edd-8782-6c5f4b7cddf0,-23.0,0.0,-23.0,23.0
052dbb6e-100f-4115-b7de-781aed8b7d93,-1.0,0.0,-1.0,1.0
c336f035-25e7-4087-80ab-b23855cfa44a,-1.0,0.0,-1.0,1.0
516905e0-a2d0-0134-c991-2e9c7d9bf85c,-1.0,0.0,-1.0,1.0
c3f62db2-143a-426f-b9f5-5abb4f990ba7,-1.0,0.0,-1.0,1.0
47da5c30-8d1a-0135-906f-0242ac116713,-5.0,0.0,-5.0,5.0
4b6861ac-ee77-426f-a0e1-bf7e75ad03f5,-1.0,0.0,-1.0,1.0
5c1f6f07-dd3d-4f7f-8962-53b342dbb560,-1.0,0.0,-1.0,1.0
2b2b79d9-8150-4024-90ef-b8f2ab4ef049,-1.0,0.0,-1.0,1.0
87f52e50-90d8-0135-f18d-0242ac112c08,-1.0,0.0,-1.0,1.0
a741d272-7c04-47e0-8cb8-78000121a8bd,-1.0,0.0,-1.0,1.0
c2004520-c61d-0135-c98e-0242ac112109,-1.0,0.0,-1.0,1.0
6ba4fc8e-8e4b-4be7-a5b8-f0c0e32a05ff,-1.0,0.0,-1.0,1.0
c9aef938-1453-46e5-81b1-db0e5ff7fbe0,-1.0,0.0,-1.0,1.0
62705562-2b65-4c33-b42b-be1864447678,-1.0,0.0,-1.0,1.0
5507fe50-b5af-0135-7611-0242ac116705,-1.0,0.0,-1.0,1.0
6472efb9-f687-4b60-b404-e216f4c3c78e,-1.0,0.0,-1.0,1.0
0594eb75-d463-4317-9cf1-53b62bbdc468,-1.0,0.0,-1.0,1.0
167393f6-dff2-4a49-846a-a7b2d5e1d2b6,-1.0,0.0,-1.0,1.0
3ba7ef6b-ee3b-4f26-8422-2ba70166630f,-1.0,0.0,-1.0,1.0
c721cda9-1eeb-4390-bdfe-025e8b7c9a69,-1.0,0.0,-1.0,1.0
3e9efa40-5361-0134-dffd-22d04439b8db,-2.0,0.0,-2.0,2.0
169ecbb5-b223-4014-9a8e-db13bdd54702,-1.0,0.0,-1.0,1.0
069ceb60-ef50-0135-ae46-0242ac111c07,-2.0,0.0,-2.0,2.0
6028e6b7-d12e-4724-9abb-d1b22c3e7170,-1.0,0.0,-1.0,1.0
7a25e4ea-2116-47af-b7da-b19a48d33e12,-1.0,-36.0,35.0,35.0
ca8a8f27-c650-438e-bdde-fd2e3ffb60e4,-1.0,0.0,-1.0,1.0
16a4af10-1e6d-0136-cccb-0242ac11150f,-1.0,0.0,-1.0,1.0
9ac6c8ff-d95e-4980-9e18-deb673cb4a6a,-1.0,0.0,-1.0,1.0
7d33c3ca-866e-4531-ad67-6a9f72a378ac,-1.0,0.0,-1.0,1.0
f4677a20-d471-0135-c7fd-0242ac111c08,-1.0,0.0,-1.0,1.0
92db141c-880c-4896-a38e-8d94b6c6685c,-1.0,0.0,-1.0,1.0
f6759e12-2335-4b79-86cc-b48a9a6a65b3,-1.0,0.0,-1.0,1.0
6e89e020-e117-0134-7e57-0242ac113509,-4.0,0.0,-4.0,4.0
f0dd9f70-6b08-0135-4fe0-0242ac112c0e,-1.0,0.0,-1.0,1.0
c73e01f0-c325-0135-015d-0242ac112c0c,-5.0,0.0,-5.0,5.0
01430bfb-c1b0-458f-b5ac-dddce9378865,-1.0,0.0,-1.0,1.0
8dfc0110-7c06-0135-45b5-0242ac115608,-2.0,0.0,-2.0,2.0
e2714cea-b029-4671-9103-336fdf864400,-30.0,0.0,-30.0,30.0
74e76354-0d90-4d36-9569-3c5312189e0c,-1.0,0.0,-1.0,1.0
7330eb01-6258-48e9-bd3e-2e22395f71a6,-1.0,0.0,-1.0,1.0
41bfc75f-b37a-4893-be0e-ab7c66dd7526,-1.0,0.0,-1.0,1.0
933429b0-080d-0136-671b-0242ac112c0c,-1.0,0.0,-1.0,1.0
a8d59160-1cd1-0136-e5f7-0242ac112c08,-1.0,0.0,-1.0,1.0
fa08e580-1069-0136-b886-0242ac11570b,-1.0,0.0,-1.0,1.0
7d28f356-39d9-4a70-a605-0c5c4e146ce3,-1.0,0.0,-1.0,1.0
c6592827-f487-4113-89a9-912691bdac6a,-1.0,0.0,-1.0,1.0
,24.0,0.0,24.0,24.0
63c47ea0-ecb8-0135-200c-0242ac111511,-1.0,0.0,-1.0,1.0
fc8dc368-5fce-4c8b-b411-c12f2f2d00b6,-1.0,0.0,-1.0,1.0
38a362b0-a03a-0135-f136-0242ac116707,-1.0,0.0,-1.0,1.0
7e0add80-f3fc-41d5-97dc-712f9927a023,-1.0,0.0,-1.0,1.0
d1b99e91-1ec0-4e95-bf03-fe1fdaf82c47,-1.0,0.0,-1.0,1.0
c4f4e2f0-c412-4fc0-9811-16fc24d7db41,-1.0,0.0,-1.0,1.0
a59706f7-c833-4fc0-b6d3-65cf1d872993,-1.0,0.0,-1.0,1.0
d4e718b3-8691-4068-9405-5f0425c21d37,-1.0,0.0,-1.0,1.0
60fdd2cc-b4db-483a-9c66-3fad8c67286c,-1.0,0.0,-1.0,1.0
30a0f690-fd74-0135-8517-0242ac116709,-1.0,0.0,-1.0,1.0
6e557867-cb5c-4ec9-808a-cd9e1af52be4,-2.0,0.0,-2.0,2.0
c95a1343-b551-43ca-a246-8b92b21cebef,-1.0,0.0,-1.0,1.0
90229a47-dfe2-4f15-a815-acdb2143c056,-1.0,0.0,-1.0,1.0
f5ea5792-d12d-47f7-8b0c-fcb69b5ccbde,-1.0,0.0,-1.0,1.0
24042672-ad39-42e5-9713-3e014bc648fb,-1.0,0.0,-1.0,1.0
a052a930-f2d1-0135-c662-0242ac11510b,-1.0,0.0,-1.0,1.0
f6472d1c-17db-4306-bfe0-c1093a7d677c,-2.0,0.0,-2.0,2.0
9cafccc5-3ba2-455d-835d-edcdd0d45af7,-1.0,0.0,-1.0,1.0
d819672b-e074-4a3f-bddc-abb95fdee20a,-1.0,0.0,-1.0,1.0
dd55d67d-0a63-4cee-8430-8351301812c1,-1.0,0.0,-1.0,1.0
ae928f37-4d98-4adf-93d6-d6b4841022b8,-1.0,0.0,-1.0,1.0
a84eb080-5855-0135-09da-0242ac112607,-8.0,0.0,-8.0,8.0
87b81f97-6355-4ad4-8199-b8a390aeb060,0.0,1.0,-1.0,1.0
397cf377-5e7d-4fb6-9df7-d725d32402ef,-1.0,0.0,-1.0,1.0
8d8de990-2aec-0136-9918-0242ac115709,-1.0,0.0,-1.0,1.0
e275a490-15ab-0136-2730-0242ac112c09,-1.0,0.0,-1.0,1.0
0cb2c9c7-dc0c-4f6b-bc63-6e058725e515,-1.0,0.0,-1.0,1.0
0b351b40-d20b-0135-f543-0242ac114a09,-1.0,0.0,-1.0,1.0
1d4de7c0-f3b3-0135-9191-0242ac111c07,-1.0,0.0,-1.0,1.0
7f818430-a448-0135-8051-0242ac116705,-1.0,0.0,-1.0,1.0
d77c43cc-dc74-4543-98ef-e7fb70bcf00d,-1.0,0.0,-1.0,1.0
0655b076-163f-4373-b9e4-506b31005d5a,-2.0,0.0,-2.0,2.0
e7d231c0-0d9f-0136-c93d-0242ac112109,-1.0,0.0,-1.0,1.0
c6c8217b-31f4-4b1a-95f4-e8b2bfb83ae2,-1.0,0.0,-1.0,1.0
79b78041-69c1-4b11-a3c0-efae3e8c54de,-1.0,0.0,-1.0,1.0
38c8cd52-d23d-4352-b291-2ff1c712870d,-1.0,0.0,-1.0,1.0
d97f186e-a2e3-4173-9b7c-72f8958c99f2,-1.0,0.0,-1.0,1.0
7f27bcdd-bfa3-4fb7-8b60-3d59e41663eb,-1.0,0.0,-1.0,1.0
51c10d26-fa0f-400a-bcc7-31675248fbf4,-1.0,0.0,-1.0,1.0
ee569bf1-c03d-494f-80ca-171b2ae9b572,-1.0,0.0,-1.0,1.0
b96bfeb4-44a6-4410-96aa-9a111beb3978,-1.0,0.0,-1.0,1.0
bdb3b0ae-185c-4dba-a91e-d478b53cc44b,-1.0,0.0,-1.0,1.0
92e6ba90-8bb8-0135-8bac-0242ac116713,-1.0,0.0,-1.0,1.0
8fccf1b5-ac9b-4f99-8d5c-181eea9ed25d,-1.0,0.0,-1.0,1.0
03d55810-1f90-0136-5b42-0242ac115109,-1.0,0.0,-1.0,1.0
548981cb-6a3a-4c8e-b8f1-5bb4f21c8953,-1.0,0.0,-1.0,1.0
27d151d0-20e6-0135-0d17-0242ac115b0d,-2.0,0.0,-2.0,2.0
43e2284e-c12b-46bf-8a53-28ce7371ca25,-4.0,0.0,-4.0,4.0
1f38ac47-499b-43d0-b6f8-ab793f7e375d,-2.0,0.0,-2.0,2.0
b6202c91-b30b-4c5e-9a69-da1a1efdd765,-1.0,0.0,-1.0,1.0
9a7aa7f0-d9f4-0134-03c4-0242ac112c07,-2.0,0.0,-2.0,2.0
6df7d020-fadb-460e-95bf-34413fc3738b,-100.0,0.0,-100.0,100.0
3410f1b9-f88d-4425-b6fd-261bc71348f7,-2.0,0.0,-2.0,2.0
851f1020-6fd5-0135-5808-0242ac112c0e,-68.0,-113.0,45.0,45.0
95a9e077-868e-4f05-93cd-2478ee91e817,-1.0,0.0,-1.0,1.0
45706026-e9ec-4ad2-8454-dc365bc86704,-1.0,0.0,-1.0,1.0
d6d9a160-5255-42a6-b19a-f35e59e6f5ff,-1.0,0.0,-1.0,1.0
258d6f20-20d8-0136-5e7a-0242ac115109,-1.0,0.0,-1.0,1.0
e443be00-3623-4b0d-a246-09e00aba1026,-1.0,0.0,-1.0,1.0
0a737283-edc8-4138-be88-31fe8cdf5558,-1.0,0.0,-1.0,1.0
4130e5ed-6fdd-4edf-987c-3b7beecbf80f,-1.0,0.0,-1.0,1.0
73d6b160-8f36-0135-41a9-0242ac115608,-1.0,0.0,-1.0,1.0
62922820-b61f-0135-cddd-0242ac11510d,-1.0,0.0,-1.0,1.0
9be3b8f0-0d36-0136-0708-0242ac116705,-1.0,0.0,-1.0,1.0
17fe0c00-07d2-4030-a7d4-dfc075f557b4,-21.0,0.0,-21.0,21.0
99333371-fb94-4798-bd58-b366219041f5,-1.0,0.0,-1.0,1.0
36d0cb96-d8f7-4bc7-bccf-6bbf6e81fa47,-1.0,0.0,-1.0,1.0
1a58ddd0-fd3c-0135-8431-0242ac116709,-1.0,0.0,-1.0,1.0
681d5005-4022-4af0-bba6-887b840257f2,-1.0,0.0,-1.0,1.0
f133afbf-1209-4066-bb1d-64308c7ee321,-1.0,0.0,-1.0,1.0
2dea2377-c4f4-4c53-9d26-e4c0db168b49,-1.0,0.0,-1.0,1.0
dd7acee8-c937-4560-ad0e-28b56fae946b,-1.0,0.0,-1.0,1.0
5c804242-aa9c-4fac-a8c5-f07c5f5e3d75,-1.0,0.0,-1.0,1.0
63bc678a-915f-4f2e-8207-f5c6484a78c3,-1.0,0.0,-1.0,1.0
c81a5a28-79cc-4376-b085-487fc2481407,-1.0,0.0,-1.0,1.0
67ffbc20-6693-4c48-bb0c-371500dccee7,-2.0,0.0,-2.0,2.0
87aa3bd3-fb2b-41cc-9720-7b4869e6d216,-1.0,0.0,-1.0,1.0
83118b6e-7967-48c1-8019-42ff03e17714,-1.0,0.0,-1.0,1.0
57ee85d2-b746-44c4-98f4-9e0ae38e352e,-1.0,0.0,-1.0,1.0
a2f82c70-048c-0136-2c47-0242ac116708,-1.0,0.0,-1.0,1.0
c0379f7f-0e0a-476e-989e-82e9c62e240b,-1.0,0.0,-1.0,1.0
764ce68c-e8c0-4200-960d-c9f2828c2212,-1.0,0.0,-1.0,1.0
20d3c640-cbf0-4c70-937d-772e55a53912,-1.0,0.0,-1.0,1.0
bc564000-2c8b-0136-bd5c-0242ac111511,-1.0,0.0,-1.0,1.0
057d0ca1-36eb-4450-bcd0-1ea334ccb768,-1.0,0.0,-1.0,1.0
5365caeb-17ef-4af7-b1b7-d8d54e6e799b,-1.0,0.0,-1.0,1.0
b4ceb0b4-ea3d-4f05-ba5c-cb8f31c48642,-3.0,0.0,-3.0,3.0
59ed0ab2-d23e-488e-88f7-6f0618fa51c4,-1.0,0.0,-1.0,1.0
a590b214-5299-4430-8a4d-a501f998cdbc,-1.0,0.0,-1.0,1.0
184f0270-0c1f-0135-15cc-0242ac114706,-1.0,0.0,-1.0,1.0
0f282600-76f5-4dd3-b059-34ef08502ea5,-1.0,0.0,-1.0,1.0
1fa103cc-d302-480c-8aa4-04fb1630d262,-1.0,0.0,-1.0,1.0
e64c4f81-22f2-418f-b332-ef59deb47620,-1.0,0.0,-1.0,1.0
066225d0-b894-0135-0622-0242ac116709,-1.0,0.0,-1.0,1.0
de84fd30-6382-0135-a084-0242ac11570e,-4.0,0.0,-4.0,4.0
15a68b64-4c46-4bce-8240-e17e28e24fcb,-4.0,0.0,-4.0,4.0
5b8a454c-e173-4443-bd71-5098d8588ce9,-1.0,0.0,-1.0,1.0
c30d1cda-f3a0-44d9-ad01-7b307ffe25fc,-1.0,0.0,-1.0,1.0
a9f2d0e8-28b8-4564-9d70-c6576bb69226,-1.0,0.0,-1.0,1.0
9bb42ac1-b207-4c67-83b9-91884dd6042a,-1.0,0.0,-1.0,1.0
182b1efd-bafd-446c-8cbc-3a68303d82a5,-1.0,1.0,-2.0,2.0
e5f2f428-7cb3-48ad-bd57-e7ee8677c68b,-1.0,0.0,-1.0,1.0
c8c7063c-22c8-41d4-bbc8-e771d394f776,-1.0,0.0,-1.0,1.0
001d943f-34d3-4f8b-a0b9-bfc5229d914a,-1.0,0.0,-1.0,1.0
9f138650-9953-4cbe-840a-86df38c4159f,-1.0,0.0,-1.0,1.0
26921b10-6e31-4314-b382-76a14e54ee35,-1.0,0.0,-1.0,1.0
0da1c052-f74e-415e-8830-7b09d4821224,-1.0,0.0,-1.0,1.0
39fc9f5f-f658-4842-ab32-20fce24a70e9,-1.0,0.0,-1.0,1.0
572173b8-c154-492e-86c1-13a0187964f2,-1.0,0.0,-1.0,1.0
7bc3ff89-4e0d-46ce-9aed-a43e9e7bdd54,-1.0,0.0,-1.0,1.0
00245ce6-e7c6-4341-8a56-a22d656d00f0,-1.0,0.0,-1.0,1.0
7d3a7fa0-28bf-0136-4762-0242ac115709,-1.0,0.0,-1.0,1.0
593f35f2-eda2-4125-93ff-67418c5191d9,-1.0,0.0,-1.0,1.0
1188bc8d-e552-4887-8465-c793d3406de1,-1.0,0.0,-1.0,1.0
0d99ddd0-07aa-0135-0776-0242ac11350b,-2.0,0.0,-2.0,2.0
cbd770c0-f575-0135-06ff-0242ac11210f,-1.0,0.0,-1.0,1.0
2205b2fa-d0a5-40d8-8852-a485c7c50398,-5.0,0.0,-5.0,5.0
8be5a710-c715-0135-6111-0242ac116708,-2.0,0.0,-2.0,2.0
a5b92570-7559-0135-642e-0242ac112c0e,-1.0,0.0,-1.0,1.0
a7f8f6b0-0030-0136-e853-0242ac111c0a,-1.0,0.0,-1.0,1.0
315ce049-67be-4ea1-b141-dec8bbb4b2cf,-1.0,0.0,-1.0,1.0
a4e56239-4560-4583-b2fd-e5bba51de2c8,-1.0,0.0,-1.0,1.0
8b795d6f-0b7e-4b7a-b569-cef8e1b2deb8,-1.0,0.0,-1.0,1.0
452bf671-9c69-471a-9f85-75c1c665a6d2,-1.0,0.0,-1.0,1.0
5556f1bb-80d9-4a1a-a97a-29e8a78332ff,-1.0,0.0,-1.0,1.0
8283d700-3128-0136-7512-0242ac115609,-1.0,0.0,-1.0,1.0
02abfd00-1dfa-4c67-ada9-953c9e853fa1,-1.0,0.0,-1.0,1.0
d172bb4b-c566-4e10-9d25-319673fcfc77,-1.0,0.0,-1.0,1.0
0c07e4d0-5c96-427a-ac40-1ad102e876e4,-1.0,0.0,-1.0,1.0
151ebbb8-6d18-4857-a05c-8cdaa962e976,-1.0,0.0,-1.0,1.0
1d57b77e-8782-4672-a399-5fe553389e12,-1.0,0.0,-1.0,1.0
b396f5ad-0d0a-44e6-9449-60a1a423b1a8,-1.0,0.0,-1.0,1.0
3f0ab631-b0c0-4537-b0f1-044263ed6754,-1.0,0.0,-1.0,1.0
bc8e1f90-d40c-44f1-bcdf-4003d620864a,-2.0,0.0,-2.0,2.0
cceb526b-a4e6-45e0-80ef-4bade9700182,-2.0,0.0,-2.0,2.0
3990ac53-3d30-4157-8859-7b9e340ba165,-1.0,0.0,-1.0,1.0
69ddc390-f26d-0134-f771-0242ac112c07,-1.0,0.0,-1.0,1.0
96e08af0-1d67-0136-7fa9-0242ac11670d,-4.0,0.0,-4.0,4.0
002d515f-8485-4c28-b5c6-b3b42d0e12f8,-1.0,0.0,-1.0,1.0
557b8c18-0113-4d9d-a125-ffd56868609f,-1.0,0.0,-1.0,1.0
2e4182e0-8ff3-0135-eb0e-0242ac116705,-2.0,0.0,-2.0,2.0
30479c90-1370-0136-3365-0242ac112c0e,-1.0,0.0,-1.0,1.0
3a181be1-ead9-4db5-bcb1-3c44a8c6aa38,-1.0,0.0,-1.0,1.0
9f0880c0-76e6-0135-a895-0242ac11560d,-1.0,0.0,-1.0,1.0
d90fcc40-cab7-0134-00cb-0242ac11350c,-1.0,0.0,-1.0,1.0
3bcee5c4-1e6e-4e23-877f-3784687ff6b0,-4.0,0.0,-4.0,4.0
32e76c90-665d-0135-d4d8-0242ac112c08,-1.0,0.0,-1.0,1.0
1819b631-a4d5-408b-9af3-3f042428ff08,-1.0,0.0,-1.0,1.0
8f9e0c20-de01-0135-b986-0242ac11150e,-1.0,0.0,-1.0,1.0
3f67cfc9-1dcc-4dd1-b207-7b12a678c157,-1.0,0.0,-1.0,1.0
1314b0b0-4f3f-0135-018b-0242ac11130b,4.0,0.0,4.0,4.0
da55a23a-44be-4f1a-9f44-2d4bade851a1,1.0,0.0,1.0,1.0
0cb16880-0359-0134-525b-268f6e1dab66,1.0,0.0,1.0,1.0
06153439-00f7-456f-85b3-bda068727aeb,1.0,0.0,1.0,1.0
22a592c5-0ce9-45e5-8051-01392b841c02,1.0,0.0,1.0,1.0
f7318650-7d3c-4a8d-bdb0-59e8b744c2c0,1.0,0.0,1.0,1.0
d511dc6d-6e3a-498c-aec9-f19fa0dc30aa,1.0,0.0,1.0,1.0
d1ad071c-a2c6-472e-895d-2d44f3c2ecf7,1.0,0.0,1.0,1.0
4750b312-d93d-4198-be40-46ce402947c3,7.0,0.0,7.0,7.0
bd0d4522-7133-419e-877e-cec83f81c8f9,1.0,0.0,1.0,1.0
3d9fe26e-d3b3-471a-981e-46287572da9f,1.0,0.0,1.0,1.0
50560c0e-5e0d-4086-9855-d6a927c90832,1.0,0.0,1.0,1.0
873b7c70-fa79-4287-bad9-ccf4e1c60641,1.0,0.0,1.0,1.0
a84045dc-b862-43f1-b4a0-fc814e7c1455,2.0,0.0,2.0,2.0
b2e78e0a-16c4-4da1-ba87-8ec403717fc1,51.0,0.0,51.0,51.0
53e0cba0-9333-0135-46bc-0242ac112c08,1.0,0.0,1.0,1.0
0a277c10-9c6a-0135-3c8e-0242ac116712,8.0,0.0,8.0,8.0
13de1950-2d9f-478c-9bda-007f73b5d99c,6.0,5.0,1.0,1.0
fd690cdf-061c-42f2-8340-03c122fd0edb,1.0,0.0,1.0,1.0
e8f243da-159a-416c-bd2c-d90c44179ec3,1.0,0.0,1.0,1.0
a6493580-bb07-0135-6efd-0242ac112c0c,1.0,0.0,1.0,1.0
8fc46000-448e-0135-a703-0242ac115b0e,7.0,3.0,4.0,4.0
f1b4b632-d3b6-44fb-b006-2843fce23c0d,2.0,0.0,2.0,2.0
f69ea400-3842-41b5-9d85-f99c385ede5e,2.0,1.0,1.0,1.0
22d26b10-1612-0136-af68-0242ac112111,1.0,0.0,1.0,1.0
d256e790-e4a5-0134-a191-0242ac112c0c,11.0,0.0,11.0,11.0
c219ae6c-40d6-4693-ad22-0926afe82394,3.0,2.0,1.0,1.0
c22b011b-1f4f-4b2d-8814-fdcc325b7a83,1.0,0.0,1.0,1.0
c770a460-2839-0135-0d16-0242ac11130b,27.0,11.0,16.0,16.0
87579212-2760-4cba-8263-3b736f0e0874,1.0,0.0,1.0,1.0
81a75bb1-6b34-4d15-ad4f-9086e687d287,1.0,0.0,1.0,1.0
35ebb0a8-c54e-453f-bcbd-79777a12ec3e,7.0,15.0,-8.0,8.0
9cfc1f60-4528-0136-7fa8-0242ac114a0f,1.0,0.0,1.0,1.0
dc0eb44e-693b-49ab-9b86-70e1181613cb,12.0,0.0,12.0,12.0
60eb3805-cc2c-412b-9af4-5833de58c0c4,7.0,0.0,7.0,7.0
18dc3474-2ece-4e6b-868f-dcf5eb40e35e,1.0,0.0,1.0,1.0
be52087c-6557-4715-be42-33833d0ca6c2,1.0,0.0,1.0,1.0
06767034-26d5-4a90-9f1d-fb63f553b1de,1.0,0.0,1.0,1.0
fe972150-4932-0135-89e2-0242ac113a10,6.0,1.0,5.0,5.0
c7524020-9129-0135-d13b-0242ac116708,1.0,0.0,1.0,1.0
4224a5c3-d4e4-4326-ab4d-4fe59170be57,0.0,4.0,-4.0,4.0
e40d8d58-dfd4-4c55-9a39-a68ca65f692d,1.0,0.0,1.0,1.0
18b6f2b8-7a05-4ee6-bd8c-1161b3400fd6,1.0,0.0,1.0,1.0
3d4fefb2-00ec-4555-85f1-3bbdd4b46382,2.0,0.0,2.0,2.0
e52ef452-39eb-49a9-af02-fd0efc6200f4,2.0,1.0,1.0,1.0
8624345e-c456-4fe7-9f4f-a6d45401d581,1.0,0.0,1.0,1.0
34d70cb7-12c7-43e0-a412-72f51cd0ce8f,8.0,0.0,8.0,8.0
e05f6e62-b22e-466d-8015-2afbf5303cc7,1.0,0.0,1.0,1.0
2709d217-67c4-4a21-8fe0-30d436161624,9.0,0.0,9.0,9.0
8c50c0c0-47d2-0136-cd7b-0242ac111c08,2.0,1.0,1.0,1.0
c7be9de3-6bcd-4766-85d4-f090f202cf56,1.0,10.0,-9.0,9.0
ea2f36e8-8da4-4e18-b4c6-cfb4f1552616,1.0,0.0,1.0,1.0
90065490-794d-4cd5-a3f5-9e3b0f48341c,12.0,6.0,6.0,6.0
2fb0bf11-9e2f-4ed6-bba4-8103b4337b06,1.0,0.0,1.0,1.0
793d2c6b-4be1-4ca0-bef2-0b286c441126,1.0,0.0,1.0,1.0
00ac0d30-4c96-0136-da64-0242ac112106,1.0,0.0,1.0,1.0
05bd3b38-d7be-4567-b07e-55cb427b1515,0.0,30.0,-30.0,30.0
6a253b9a-6427-43ea-8a08-057de8757a7e,1.0,0.0,1.0,1.0
1fed79fa-0897-4cc1-aa70-a7486ab9f3a8,4.0,3.0,1.0,1.0
14a214f6-3a3f-4be5-a5fe-8b1e409b2d59,1.0,0.0,1.0,1.0
b4d034e8-14a4-4b5c-82f1-fd50b74b20fe,0.0,2.0,-2.0,2.0
7f76977d-e4f7-47ea-ab61-dc556d9e4a8b,1.0,0.0,1.0,1.0
8145d5c0-5071-0135-4622-0242ac113d0c,1.0,0.0,1.0,1.0
5c52ea00-7f4d-0134-8a22-2e935648bcf4,4.0,5.0,-1.0,1.0
6831ebd0-459e-0136-903f-0242ac116709,1.0,0.0,1.0,1.0
3adf3d21-c78c-4dcd-8512-59b077ee1c84,31.0,18.0,13.0,13.0
64fab160-0070-4647-965c-795a6000f309,2.0,1.0,1.0,1.0
083e6bfe-ad7a-406f-8870-572c3ddb7891,1.0,0.0,1.0,1.0
b1b6bbb2-9c1c-4013-b208-c213d8ff7135,1.0,0.0,1.0,1.0
e6a05715-2c33-4c28-b871-d2ee4da3fd57,1.0,0.0,1.0,1.0
b3ac2e60-8aa7-0134-514e-1af6366eb87d,4.0,0.0,4.0,4.0
ea281adf-e835-4833-bbee-eb779f70e93f,1.0,0.0,1.0,1.0
147f9a0a-8a27-42e2-9afd-755213720975,2.0,1.0,1.0,1.0
6ea555d0-58ef-0134-e770-76e0331df7f7,2.0,4.0,-2.0,2.0
e0d017b4-61d0-4ca9-9cdd-467516a1f427,1.0,0.0,1.0,1.0
2101ade3-5316-4183-be7e-dc23e620b66b,1.0,0.0,1.0,1.0
7dd47b37-5527-40b5-8db7-4d92dabc8c08,1.0,0.0,1.0,1.0
b93c812d-e0e2-4efc-b1a3-8658d1635b6c,2.0,1.0,1.0,1.0
225f02f0-0ba8-0135-fc08-0242ac112c06,1.0,3.0,-2.0,2.0
1f82cc08-8c16-414d-a62c-cfa235a08f34,2.0,1.0,1.0,1.0
07bfc8b0-dbc2-0135-2091-0242ac11210d,1.0,0.0,1.0,1.0
b66a9646-9104-4708-966d-afc230bf43f2,1.0,0.0,1.0,1.0
d06bfa50-6b34-4b29-9dde-de206efff0ed,1.0,2.0,-1.0,1.0
2bacd9a0-455a-0136-e48e-0242ac115109,1.0,0.0,1.0,1.0
db1cf8fe-1c5c-45b7-983d-c32c1ecc181f,1.0,0.0,1.0,1.0
0ea2baee-9903-41f5-ad04-9c3a19f7b13f,1.0,0.0,1.0,1.0
d2320eb1-5287-4552-8a04-9fc530bd0bb3,1.0,0.0,1.0,1.0
7188c13a-7404-4e4e-88b5-4319565e4505,1.0,0.0,1.0,1.0
4b192c35-167b-4b00-8709-7d3155e17ec2,6.0,0.0,6.0,6.0
28e74bc0-460e-0136-8344-0242ac114a0f,1.0,0.0,1.0,1.0
173aeb12-cd8e-4566-9543-53123a80557f,1.0,0.0,1.0,1.0
c94db310-313d-0136-759d-0242ac115609,3.0,7.0,-4.0,4.0
5d641da0-0b1d-0136-88a8-0242ac115606,1.0,0.0,1.0,1.0
21378a50-afe3-0135-5bee-0242ac11560a,5.0,0.0,5.0,5.0
4dcec2bd-f83d-4772-8766-588edfc11aa5,1.0,0.0,1.0,1.0
2c715cb0-4ed8-0135-9090-0242ac113a10,2.0,0.0,2.0,2.0
7458dda1-3fbd-4cb6-86d5-c4afc68330fb,1.0,0.0,1.0,1.0
6dd56fc6-3167-4356-8cf0-1d1e1f97d996,0.0,6.0,-6.0,6.0
862e8f0e-cfcc-4298-b6f5-425d7209ff83,1.0,0.0,1.0,1.0
db7b4d40-ad29-0135-59dc-0242ac11560a,1.0,0.0,1.0,1.0
28b50bc8-dc39-48c6-942c-8c885b99138d,7.0,0.0,7.0,7.0
4055b29c-4bcc-4f79-8d03-1fe860b36ae2,1.0,0.0,1.0,1.0
c1fdf81d-0cdd-481a-8bdb-2ac3a5c7c86c,1.0,0.0,1.0,1.0
630a2f5b-e188-4349-9716-a4128841c1d1,2.0,0.0,2.0,2.0
e8964f47-0b2f-4d31-928c-2f417d4f0e7b,1.0,0.0,1.0,1.0
fef75ca5-5063-4c44-9135-7a81cd534557,1.0,0.0,1.0,1.0
b5452c14-8c37-4dbc-8607-850d2d6805e3,1.0,0.0,1.0,1.0
cfc2fa53-8402-41c4-8d25-be213e832df7,1.0,0.0,1.0,1.0
adcb6003-b4f0-4ba3-a542-7bff7375250e,2.0,1.0,1.0,1.0
c2444b80-2946-0136-1992-0242ac111508,1.0,0.0,1.0,1.0
e7705ffb-5dbb-45f0-b560-873216c55ce4,4.0,0.0,4.0,4.0
8d8b1e40-3b13-0136-d947-0242ac115108,1.0,0.0,1.0,1.0
dc07735e-97c9-4782-941a-a54a35996f7c,1.0,0.0,1.0,1.0
e573b305-b943-4809-92dd-9819f9c0f180,9.0,8.0,1.0,1.0
bbfac755-5764-4511-8562-63162dccec75,2.0,0.0,2.0,2.0
610589df-7f2c-4616-b07e-168c6448cfd8,2.0,0.0,2.0,2.0
91b70520-2ea0-45e5-89a1-b7daef4f6344,8.0,1.0,7.0,7.0
a9de6851-8f0b-4b3a-9d78-445d601d8023,4.0,10.0,-6.0,6.0
3c72aed0-05bf-0136-64b9-0242ac11560d,1.0,0.0,1.0,1.0
524736b4-0b60-4a62-9197-bc1cae19c0f2,14.0,0.0,14.0,14.0
063f844d-e8a4-4228-8d6f-eed121263e49,1.0,0.0,1.0,1.0
5601d25f-e6b3-4cc1-8c6b-09502334787f,1.0,0.0,1.0,1.0
867a3810-4bcf-0135-d940-0242ac11130b,1.0,0.0,1.0,1.0
fac6c234-4a62-44e8-9180-7376de1b84ce,2.0,0.0,2.0,2.0
9421a5e0-1dad-0136-7fcb-0242ac11670d,2.0,1.0,1.0,1.0
6c9c7140-40a0-0134-edb6-0e4f5bac19c5,3.0,14.0,-11.0,11.0
4c2bec26-2428-4a28-bf4e-e01bbfc387a4,1.0,0.0,1.0,1.0
a02f3aaf-cc61-438c-8d37-feb436698c57,1.0,0.0,1.0,1.0
b3e66263-2763-4140-a557-2e0ae1973d7f,11.0,0.0,11.0,11.0
d7825388-4a6f-4404-a000-c7cbf04c6d81,1.0,0.0,1.0,1.0
8319d72a-e861-4830-8b76-be2395afe7c7,0.0,1.0,-1.0,1.0
5494dec2-28c4-4edf-9fe4-4279f184711a,1.0,0.0,1.0,1.0
66eddd48-3fd9-483f-863b-003e14c70512,2.0,0.0,2.0,2.0
5d11dd50-c28a-0133-70c7-1eea8904c986,1.0,0.0,1.0,1.0
237a2605-d4b0-45e5-aef5-91e79c2524f6,1.0,0.0,1.0,1.0
1ddd7e88-db67-41cb-8b73-d3e1f5123880,1.0,0.0,1.0,1.0
2af20a20-dce7-0134-0164-0242ac11350c,0.0,-5.0,5.0,5.0
9132f180-4710-0136-147a-0242ac11150e,1.0,0.0,1.0,1.0
89fa9d70-4542-0136-e41f-0242ac115109,2.0,0.0,2.0,2.0
b8a013a0-3226-0132-3252-1a851c5141c6,0.0,1.0,-1.0,1.0
20c28247-686f-4351-8de4-c2068083d5bb,4.0,3.0,1.0,1.0
8174abc0-fe06-0135-40d6-0242ac115108,23.0,19.0,4.0,4.0
514b0d46-c16d-462b-8fd3-8280cc24ecfd,2.0,0.0,2.0,2.0
d7a3da8f-8407-4506-b528-abfc798c2e22,2.0,1.0,1.0,1.0
2648c9b0-42ca-0136-7d41-0242ac114a0f,7.0,0.0,7.0,7.0
4c38ab4e-2b0e-4885-bb64-20da6eae07bd,4.0,3.0,1.0,1.0
d4ea0b2d-8828-43aa-9c3c-2336882bf2bf,1.0,0.0,1.0,1.0
317115a3-dbf5-409f-a3f3-c26f36e867bb,1.0,0.0,1.0,1.0
672faa2d-643b-498e-8fb2-d1fee5e2bd8f,4.0,0.0,4.0,4.0
70127c92-572e-4251-b235-243c31da2628,1.0,0.0,1.0,1.0
4b195dd0-f97a-0135-e76d-0242ac115709,1.0,0.0,1.0,1.0
0205e3a0-478b-0136-7f65-0242ac11560c,1.0,0.0,1.0,1.0
edd996a0-1350-0136-d315-0242ac112109,1.0,0.0,1.0,1.0
064d3ffd-1416-4922-acce-afd61d802445,4.0,10.0,-6.0,6.0
87831567-437c-4cf4-8e06-436997d3e77b,1.0,0.0,1.0,1.0
49f38c50-40ba-0136-01e3-0242ac114a06,1.0,0.0,1.0,1.0
280eec5e-dcbb-4d6e-b6a8-ad49e5c6b060,4.0,0.0,4.0,4.0
98b18490-b160-0135-cfc5-0242ac116709,4.0,0.0,4.0,4.0
4231c64a-0235-4424-bed7-46d6f2857f6c,1.0,0.0,1.0,1.0
e928f457-7e29-4027-a224-8c5550f4c454,22.0,0.0,22.0,22.0
0e808650-ec64-0135-3527-0242ac11210e,1.0,0.0,1.0,1.0
1179962b-fe34-43b3-9bf3-518f728a2ec3,1.0,0.0,1.0,1.0
78c7da76-f4c5-480b-8c09-360dc34c8e08,43.0,42.0,1.0,1.0
b1fe4410-c1f2-4a62-94dd-e818314fdae8,4.0,3.0,1.0,1.0
4c68d932-b152-4376-8b50-2e036742d5bd,25.0,0.0,25.0,25.0
b06789a5-e081-4a59-8d38-72cc1157680c,1.0,0.0,1.0,1.0
41e01605-3438-44f1-b751-b93b88e9fa19,1.0,0.0,1.0,1.0
5731eab0-3775-0136-62c7-0242ac11570b,0.0,2.0,-2.0,2.0
dc610ee0-49cc-0136-d111-0242ac111c08,1.0,0.0,1.0,1.0
1c43ea60-1dc3-0135-ce4a-0242ac113a0b,3.0,0.0,3.0,3.0
c0f85e5d-8be1-4e82-84b5-039bce15d04f,2.0,0.0,2.0,2.0
2626400b-c4cf-4d64-893e-53e7e5dbffde,1.0,0.0,1.0,1.0
7ddab898-36a7-4cbe-a1ac-ecad9a3d05fd,0.0,-1.0,1.0,1.0
a027e937-875e-48e6-8e65-6fb39bb73188,0.0,-1.0,1.0,1.0
1e964089-77a8-4caa-b27c-5c2803e0f183,0.0,1.0,-1.0,1.0
e54eb880-36f2-0136-0731-0242ac11150c,0.0,-4.0,4.0,4.0
ec18f1d3-8eb1-43a5-841e-66cf346b241d,0.0,-1.0,1.0,1.0
a68bc0f1-83c9-4707-b687-a11573541059,0.0,-1.0,1.0,1.0
f4b0093e-a351-4ec6-bea6-ca0e0be87b70,0.0,-1.0,1.0,1.0
74456722-078b-41e4-baac-4a4aba19678d,0.0,-1.0,1.0,1.0
901f68c2-af03-4043-ba53-91fabc51cf1a,0.0,-1.0,1.0,1.0
d0b4413f-ce56-4e26-9a0f-88d1870ca4ca,0.0,-1.0,1.0,1.0
45733b84-6b47-4d3b-b0e4-e84dc947187f,0.0,-4.0,4.0,4.0
01cf884d-9c5d-4648-9f8c-f0cd214fbd5f,0.0,-1.0,1.0,1.0
bdec98ee-4600-4727-ad43-c539b9807348,0.0,-1.0,1.0,1.0
9db7c5d0-2e99-0135-3db0-0242ac113a13,0.0,-1.0,1.0,1.0
5a53bf40-f330-0135-2dfe-0242ac116709,0.0,-3.0,3.0,3.0
5f5a97b6-3ba0-4eb5-9e6d-d7769d46ca44,0.0,-1.0,1.0,1.0
69857373-c759-499d-bbf8-65aec22a9b2c,0.0,1.0,-1.0,1.0
164c5840-4afe-0135-41b5-0242ac113d0c,0.0,12.0,-12.0,12.0
e434a60c-55ab-4dac-8453-1f15fdc67cf6,0.0,2.0,-2.0,2.0
60ec03d6-8c7f-400a-8c53-0647d929daf3,0.0,-1.0,1.0,1.0
0ff8d6d7-0fef-4e5d-8213-c3e78f93a6f0,0.0,-6.0,6.0,6.0
14b82ab5-bb98-4f53-aa86-7e392daa1316,0.0,-1.0,1.0,1.0
cbe8d496-f839-496e-8f8c-4cf55d18cc56,0.0,1.0,-1.0,1.0
92e991b0-3f43-0136-826c-0242ac111c08,0.0,8.0,-8.0,8.0
5117c711-66fa-4064-a828-bf08082ccf15,0.0,-1.0,1.0,1.0
22bddbe0-0f7d-0136-0c2c-0242ac116705,0.0,-1.0,1.0,1.0
a52d1684-65b8-4681-ba0c-03d07f2cdbf8,0.0,-3.0,3.0,3.0
d3a370ef-0f0c-46d8-b2be-bcb5028649af,0.0,-1.0,1.0,1.0
b2ad3e2a-ff46-42db-b7d4-2588054c44a0,0.0,-1.0,1.0,1.0
067cbb6c-9bdd-4831-b4d2-3a3c45497b3a,0.0,1.0,-1.0,1.0
6aff14d3-d309-4494-922b-ce9e1fc85a5f,0.0,-1.0,1.0,1.0
09ed7fb5-acc2-4110-b59a-17fc81e30b52,0.0,-1.0,1.0,1.0
e4da227a-da5d-495d-8fd7-2855e353176f,0.0,-1.0,1.0,1.0
148e0248-46c8-4e62-9c51-60c7e32594d3,0.0,18.0,-18.0,18.0
15407530-0170-0136-f3b7-0242ac115709,0.0,-1.0,1.0,1.0
2c445560-5ce7-0134-5fcd-3e60ac92d194,0.0,33.0,-33.0,33.0
46613870-9764-4241-81d6-7a03ec7a5d10,0.0,-1.0,1.0,1.0
12c65dc4-10e0-4526-a003-00db2240ab43,0.0,-1.0,1.0,1.0
fa9c134f-4f43-492f-8fb0-83870de348b5,0.0,-1.0,1.0,1.0
6abc5d20-39a5-0135-5169-0242ac113a0a,0.0,-8.0,8.0,8.0
1e86ebe3-364e-4a27-84ac-ee1c9b5a51f8,0.0,1.0,-1.0,1.0
8a84e4ed-15c4-4d71-8077-1eef865bd72b,0.0,-1.0,1.0,1.0
b0ab67b5-56a2-4c37-829a-cc5be335c55c,0.0,-9.0,9.0,9.0
241eb2f0-1bc6-0135-62fc-0242ac11090f,0.0,-1.0,1.0,1.0
a3c80250-1b66-0135-61cb-0242ac11090f,0.0,-4.0,4.0,4.0
0ee153be-df0e-4bf2-ba4f-68c66cbaee72,0.0,-7.0,7.0,7.0
cd591370-ec89-0135-1f85-0242ac111511,0.0,-1.0,1.0,1.0
a2df794b-43d6-4884-8f84-b0267fbe66f9,0.0,-1.0,1.0,1.0
9fd6c94b-eb9c-4895-b9e9-a1c270ecebc4,0.0,1.0,-1.0,1.0
d66eab33-6749-4521-b77e-5cccd49b654e,0.0,-1.0,1.0,1.0
7da51926-9d0d-4b6a-86df-d80f58114b25,0.0,1.0,-1.0,1.0
5b37d43a-de5f-47ef-855d-9173f621551c,0.0,-2.0,2.0,2.0
49ef8c80-3d31-0136-8d5b-0242ac11150e,0.0,-1.0,1.0,1.0
1e96abc0-97a8-495a-b11c-79a188ee0cd8,0.0,-1.0,1.0,1.0
ba935588-9b85-4057-9b4a-d3ac7f9d1a38,0.0,1.0,-1.0,1.0
3286812f-9f6f-4927-809b-87f6cf9e4f05,0.0,-1.0,1.0,1.0
2ec8fd68-d261-4bee-ac00-a72e7b22584f,0.0,-1.0,1.0,1.0
fcc0aca5-b023-408a-87db-76d3ce012847,0.0,-1.0,1.0,1.0
3aba74cb-7cbb-422b-a452-fcefb5f00ee1,0.0,3.0,-3.0,3.0
2d4d6e30-4037-4354-9cfe-0c6546e0f610,0.0,1.0,-1.0,1.0
faf1c5c5-0c27-4d73-86a4-ea6b077ff3b4,0.0,-1.0,1.0,1.0
885be258-83b8-4ffe-a96e-200d17ee9795,0.0,-1.0,1.0,1.0
6f9414bf-f319-4006-94d7-68c5abb38c98,0.0,-1.0,1.0,1.0
6f71d0fb-8558-4582-8309-1c0e18adb462,0.0,39.0,-39.0,39.0
a2118836-8dfe-4acb-8fca-867d4ffe7aea,0.0,-1.0,1.0,1.0
d87b029d-e7fc-4270-9f4e-71b04a30cc1c,0.0,1.0,-1.0,1.0
03430350-00bc-0136-f369-0242ac115709,0.0,-1.0,1.0,1.0
751d9558-44f8-4992-ac65-564b36f22000,0.0,-1.0,1.0,1.0
ece98e17-5f62-49f5-988a-02b05f424fe7,0.0,-1.0,1.0,1.0
9f807dd3-a727-4865-94ed-e4e6bfcf9b61,0.0,-19.0,19.0,19.0
bc9f2136-31ba-4a1e-8872-3e26b17b4863,0.0,-1.0,1.0,1.0
9f05e226-248d-49a1-853d-183318bc42c7,0.0,4.0,-4.0,4.0
58b0fbc4-86cf-4463-933c-72a0fe0967bd,0.0,-1.0,1.0,1.0
b67f1e78-2ee0-4e50-8017-85e0f0487f19,0.0,-1.0,1.0,1.0
18013cbc-1031-40f8-a167-2931370770f4,0.0,-1.0,1.0,1.0
494a7f5f-e279-46b7-95a2-98d1857db00a,0.0,-1.0,1.0,1.0
6a7d6650-3ee6-0136-07a8-0242ac11560d,0.0,-1.0,1.0,1.0
fbf835e6-84d6-4083-933b-41058ad3d011,0.0,-1.0,1.0,1.0
ef3db16d-4ed0-4fc0-8d50-fed0cbbf73cd,0.0,3.0,-3.0,3.0
3dcffac7-b4c7-4956-9fa4-f169bfc68733,0.0,-1.0,1.0,1.0
4e4d1700-4607-4d79-afd5-350e1a74bdda,0.0,-1.0,1.0,1.0
5547c151-1944-4db8-bf34-48661620cebd,0.0,3.0,-3.0,3.0
f3eb9470-e7ef-43e7-b85e-a12d628398fe,0.0,-1.0,1.0,1.0
7ad4278e-72f8-4548-846b-ffa1cb774573,0.0,-1.0,1.0,1.0
4a3dc022-ec1c-4688-86f8-b36651df719c,0.0,-1.0,1.0,1.0
3748ca64-0ea8-4de8-9ffa-1e10ab0ad83f,0.0,-6.0,6.0,6.0
c3ad83e5-3379-415b-a29a-ad11114f4e94,0.0,-1.0,1.0,1.0
8d7d993a-a802-4b18-b73b-f16b143369fd,0.0,-1.0,1.0,1.0
15933050-3864-0135-ce13-0242ac11260b,0.0,2.0,-2.0,2.0
b7590380-06f2-0135-a8c7-0242ac110906,0.0,-2.0,2.0,2.0
599a07b3-8d98-49e9-b252-e21ba76abe30,0.0,1.0,-1.0,1.0
f69be0a8-c2bc-4838-b782-7b0c0fc51604,0.0,-2.0,2.0,2.0
ef69048a-f6ba-4bb0-8ca1-869f3c70f9a1,0.0,-1.0,1.0,1.0
4885f340-6099-4da1-bef3-de26482ee4a2,0.0,-3.0,3.0,3.0
affd8571-4f47-4a08-acc7-27ab6d9681dc,0.0,-1.0,1.0,1.0
00e17518-5ede-4546-ba66-c9b11e80c412,0.0,-1.0,1.0,1.0
dde462e9-c663-4cd3-bbda-e1da60af28de,0.0,-4.0,4.0,4.0
475af0c6-56b9-448b-97da-5fe03c02190a,0.0,1.0,-1.0,1.0
7f4df060-dea6-0135-3e96-0242ac114a09,0.0,-1.0,1.0,1.0
d97d1927-f8b5-40ca-ae36-2781c62e6a05,0.0,-1.0,1.0,1.0
f428759b-7f6d-4517-9301-5417fc4551d6,0.0,-1.0,1.0,1.0
fb13f3a5-9244-4108-82c6-692c88031bcb,0.0,1.0,-1.0,1.0
644ce556-f5ba-45fb-85de-abf81aadafc2,0.0,-1.0,1.0,1.0
28369998-628a-467b-b21b-129b4a407c54,0.0,1.0,-1.0,1.0
983ede7e-79b4-4faa-8b95-6809c678ee69,0.0,-1.0,1.0,1.0
6539aee1-688f-4683-8ef8-e8415b8ef0b4,0.0,-19.0,19.0,19.0
fcaa4e00-ac26-0135-9845-0242ac115606,0.0,-1.0,1.0,1.0
4022639f-e73e-4711-a0ee-c2a8ec3830c1,0.0,-1.0,1.0,1.0
7db50820-7e23-0135-6a52-0242ac112c08,0.0,-1.0,1.0,1.0
126ef450-418c-0134-27b1-32ae626cbe27,0.0,-1.0,1.0,1.0
69331ec0-2ffc-0136-2fed-0242ac112c0e,0.0,-1.0,1.0,1.0
b8237cf6-d8c6-4d4a-9e88-484fc6f720a6,0.0,-18.0,18.0,18.0
26a26538-5de5-4909-af94-8771699e7131,0.0,2.0,-2.0,2.0
cdfa1114-555d-41d1-823b-f37f1e5ca601,0.0,-6.0,6.0,6.0
8274579b-2bb9-4898-9ad7-514a8ffb8b89,0.0,-1.0,1.0,1.0
14bdbf6f-fccb-4686-85d0-f3d42702ca3e,0.0,-4.0,4.0,4.0
32f84213-21f4-4777-9620-fce7bad40b8a,0.0,-1.0,1.0,1.0
c635c8a8-5c44-4d88-9385-77e2f2dd5304,0.0,-1.0,1.0,1.0
bada5c26-0126-4bd9-9886-c4ab175122d4,0.0,-1.0,1.0,1.0
72331655-193a-4fe6-8302-0b765da67358,0.0,-1.0,1.0,1.0
9b3275d0-018d-0135-c46f-0242ac113507,0.0,-2.0,2.0,2.0
5ffb3340-dbaa-0135-8b99-0242ac11570b,0.0,-1.0,1.0,1.0
b820f849-1352-4f42-a514-70f04956f7e6,0.0,-1.0,1.0,1.0
2277ac50-6c22-0135-5226-0242ac112c0e,0.0,-1.0,1.0,1.0
fbd72672-24b7-4a63-af0a-590a46987658,0.0,-4.0,4.0,4.0
d2fa1e68-9ea8-45fe-9484-0f526911b33b,0.0,1.0,-1.0,1.0
bf42e7ae-8e7d-4866-95ef-fb199b0d9f23,0.0,-1.0,1.0,1.0
9ab052c5-7425-493f-81be-6d9f73d6f24c,0.0,-1.0,1.0,1.0
01a3a9f0-0b47-0135-01fa-0242ac11090d,0.0,-1.0,1.0,1.0
419d638e-16ee-4e5e-b98e-3c49c72f9e0d,0.0,-1.0,1.0,1.0
7aac1340-4d00-0135-db52-0242ac11130b,0.0,-1.0,1.0,1.0
bc453c42-735b-4b6c-85df-8266b1725fe6,0.0,-1.0,1.0,1.0
8d166bc0-e75f-0135-9c1b-0242ac11570b,0.0,-1.0,1.0,1.0
95d56aa2-1430-499d-8ddc-9ba7d93a107b,0.0,-1.0,1.0,1.0
f0c13547-de55-4bc7-b37b-a74f1e4aaa63,0.0,1.0,-1.0,1.0
3655fe00-07d3-0136-e04f-0242ac115108,0.0,-6.0,6.0,6.0
f1bd3fe1-0656-4106-a397-8aa8d01e4159,0.0,1.0,-1.0,1.0
1cefb4b8-af63-4d91-911d-f20c6b9b8662,0.0,-1.0,1.0,1.0
2b160c3a-69ba-4ef0-ba77-7cb72aed6c2b,0.0,-1.0,1.0,1.0
b3e5778c-c607-401c-8e5d-6b73c7fd2f8d,0.0,2.0,-2.0,2.0
52fc979d-41c5-4d29-bcff-aa9e04025fdc,0.0,1.0,-1.0,1.0
dd816821-3613-4b83-8118-bb51baad6fe0,0.0,-1.0,1.0,1.0
0b1d8456-1e82-48f2-87a0-273285eb8d87,0.0,6.0,-6.0,6.0
6166704f-dc47-44fa-8651-0e802e2d0780,0.0,-1.0,1.0,1.0
44dfd47e-74d6-4a25-958f-23124f4105bf,0.0,1.0,-1.0,1.0
37af0ebb-84cb-427b-b85a-bc11bd9cf65d,0.0,-1.0,1.0,1.0
545525f2-4377-47ee-b4f9-f9ae0624f99f,0.0,-1.0,1.0,1.0
5ff199d7-68ee-494b-9177-468e75b3cb18,0.0,-1.0,1.0,1.0
f2c95950-4456-0136-e23d-0242ac115109,0.0,-1.0,1.0,1.0
be095e00-2fdf-0136-a5fd-0242ac111c08,0.0,-1.0,1.0,1.0
669f61ae-567e-4029-9fee-d40e2bcbfd65,0.0,-1.0,1.0,1.0
1fb211bf-bc05-4de0-8dde-0b53b5b8375d,0.0,-1.0,1.0,1.0
10486240-048e-0136-dcb7-0242ac115108,0.0,-1.0,1.0,1.0
ef0eb08e-9ad0-42bf-a3a6-864d143f485b,0.0,-1.0,1.0,1.0
2fb8dcf0-9580-0135-fb45-0242ac116706,0.0,-1.0,1.0,1.0
cb9c2d3e-df83-48f6-8e32-618ddfb46263,0.0,1.0,-1.0,1.0
a0f22fde-d9bb-4236-bc37-27420948736d,0.0,-1.0,1.0,1.0
1becdf06-f345-4046-ad82-d14432818007,0.0,-2.0,2.0,2.0
1e84a661-b841-4edd-b232-a46d68aa3888,0.0,1.0,-1.0,1.0
08b63e86-45ff-44bd-92cb-580f828e0e57,0.0,-7.0,7.0,7.0
041784c0-adfe-0135-8819-0242ac111506,0.0,-1.0,1.0,1.0
9fe8a506-eed5-45f5-bcb8-6ebc570ea711,0.0,-1.0,1.0,1.0
b180d1d4-d0e1-4214-8afa-6ec15dee2c42,0.0,-1.0,1.0,1.0
62056d62-61f1-45a8-88fc-588367cd3d70,0.0,-1.0,1.0,1.0
dfbe4af0-4a51-0136-8718-0242ac11560c,0.0,1.0,-1.0,1.0
948c9ff4-6fe7-46ff-8012-0be047d6d26c,0.0,-2.0,2.0,2.0
7628b9b7-77b2-4b57-a6c5-7742a01f8dbd,0.0,-1.0,1.0,1.0
801537b5-ab8e-4db0-bdcd-d8ee6fb8530e,0.0,-1.0,1.0,1.0
cc1ac513-c3c9-4a1a-9adf-dffeee2358b0,0.0,1.0,-1.0,1.0
b8b34c3f-f7ba-446f-a79f-9d4408e882c5,0.0,-1.0,1.0,1.0
0b941872-4aaf-4d96-ab74-a8fb1f723a3e,0.0,-1.0,1.0,1.0
c45658c0-3fff-0136-b563-0242ac112107,0.0,6.0,-6.0,6.0
af75c557-8cf7-41f3-8ff9-58b4c9a2b3b9,0.0,1.0,-1.0,1.0
32417a65-d05d-40c0-8bbb-dbdb75f797c1,0.0,-9.0,9.0,9.0
d52cf5fb-5bd4-49c4-9351-bc386fabbbb8,0.0,-1.0,1.0,1.0
44bab06d-e01e-4d01-a8a4-a7460c051a05,0.0,-8.0,8.0,8.0
ff8f73a3-151c-49c1-82d9-f673537bea40,0.0,-1.0,1.0,1.0
a6352c2e-fc7f-4bd9-ae72-711e3aebc511,0.0,1.0,-1.0,1.0
25044738-54be-4e11-a72d-7992cd8825fd,0.0,1.0,-1.0,1.0
8e3f6b53-7e85-443c-aa6a-384fa7a016e6,0.0,-6.0,6.0,6.0
14cbe5f2-d7ec-4c35-ac40-c4165ab4b7f6,0.0,-1.0,1.0,1.0
cd44e680-62fa-0134-041e-2209c4d2a889,0.0,20.0,-20.0,20.0
18d29b10-8243-47bd-8d45-f2676408499f,0.0,-3.0,3.0,3.0
6bc4d920-339e-0135-f0f9-0242ac11130c,0.0,-6.0,6.0,6.0
712adcdd-b8b3-4fed-a367-3523638bb813,0.0,-1.0,1.0,1.0
4db287d1-b170-49c1-ae69-2d28a3988faa,0.0,-1.0,1.0,1.0
83c76740-68a0-415e-87c3-d6a863f66aba,0.0,-1.0,1.0,1.0
dd0ab2a0-48c9-0135-0920-0242ac112609,0.0,104.0,-104.0,104.0
bb6a6706-3679-47fb-a966-7bfe413f2b21,0.0,-1.0,1.0,1.0
acdc4fad-f268-4bb1-91fc-4d1dfac88da3,0.0,-1.0,1.0,1.0
52f05730-c51c-4bb6-baf2-004fe2774cf2,0.0,-1.0,1.0,1.0
b224c6d2-b377-45d5-90a7-1bd65bde6e0c,0.0,-1.0,1.0,1.0
75e59b70-ee4f-0135-0d00-0242ac116708,0.0,-1.0,1.0,1.0
a6ea1430-241b-0136-4ef9-0242ac11510c,0.0,-1.0,1.0,1.0
da4b9e87-25ae-4606-8807-b040b837d12d,0.0,-1.0,1.0,1.0
8793bb60-1430-0131-3b55-5aee81d03024,0.0,-4.0,4.0,4.0
d70246a8-2264-41d0-b2d6-2f8881ee9df6,0.0,-16.0,16.0,16.0
bc07e510-2083-0136-a907-0242ac11210f,0.0,-1.0,1.0,1.0
b61e3d5e-aff9-4bac-a0f4-06890228197d,0.0,-1.0,1.0,1.0
b7aa065c-a878-402d-ab7c-043204448d55,0.0,-1.0,1.0,1.0
805fa790-593a-0135-5bd0-0242ac111313,0.0,-1.0,1.0,1.0
3fd67c50-41fd-0136-22f4-0242ac11210c,0.0,1.0,-1.0,1.0
8d4fe780-2ec8-0136-592e-0242ac115609,0.0,-1.0,1.0,1.0
02f59eb0-3be8-401b-9d88-28599e4982bb,0.0,-1.0,1.0,1.0
2d75a9be-8b75-4187-9260-6146005ec79f,0.0,1.0,-1.0,1.0
ce679d5d-b5e5-44b2-8431-3d8757c917a0,0.0,1.0,-1.0,1.0
d4cce7c0-fadd-0135-3c7c-0242ac115108,0.0,2.0,-2.0,2.0
8427e503-267b-4e54-bbd6-49d50331399b,0.0,-4.0,4.0,4.0
86996fc1-fed0-4c25-8e1b-6e027a57e643,0.0,-1.0,1.0,1.0
39e0d250-9a37-0135-e266-0242ac112c08,0.0,-1.0,1.0,1.0
26e0d089-f0eb-4e7b-92ee-ec3bc70dbe16,0.0,-1.0,1.0,1.0
291bd2b6-cead-4818-a740-7636c7a64f65,0.0,-1.0,1.0,1.0
ad5d81d0-3ac0-0136-08dc-0242ac114a08,0.0,1.0,-1.0,1.0
50be5a30-c949-0135-ef17-0242ac114a09,0.0,-2.0,2.0,2.0
8ddbae6f-f126-4827-bf87-9dd05e2d643e,0.0,28.0,-28.0,28.0
746bbd75-1646-4428-b073-5ac70a00bc7b,0.0,-2.0,2.0,2.0
c31267a0-2a5c-0136-1f99-0242ac11510c,0.0,-1.0,1.0,1.0
a6c41878-605c-41fa-81c6-fb46fa0d4a8d,0.0,-2.0,2.0,2.0
61cefd2e-e3f9-4093-95fb-d8a05d7632c9,0.0,-1.0,1.0,1.0
677186b0-f248-0134-f732-0242ac112c07,0.0,-1.0,1.0,1.0
3d00e1a1-f44e-4028-827a-7b51def7795f,0.0,-1.0,1.0,1.0
392574d5-21ce-49b6-98b7-33b96e10f899,0.0,-1.0,1.0,1.0
8bd39fd0-f498-4851-b93e-62aa68eeea2f,0.0,-1.0,1.0,1.0
7f440fd0-708c-0135-fa1c-0242ac11560f,0.0,-1.0,1.0,1.0
09724c60-2ee2-0136-fae2-0242ac112109,0.0,-3.0,3.0,3.0
dd8da685-2255-4994-a293-ca5f17ee8dfd,0.0,-1.0,1.0,1.0
2e8601c0-9d70-0135-4d5a-0242ac115105,0.0,-1.0,1.0,1.0
0c842e11-6293-4c3f-a6d7-a553bc759a07,0.0,1.0,-1.0,1.0
2a2cb0e1-b9ef-4f5c-936f-7f8c2da2136e,0.0,3.0,-3.0,3.0
e727a2c0-ef48-0135-6443-0242ac115108,0.0,-1.0,1.0,1.0
71e7f680-3078-0136-6276-0242ac112c0e,0.0,-1.0,1.0,1.0
fa26a1ec-2ca8-4008-aaf8-30e1cd0e70f2,0.0,-1.0,1.0,1.0
c6be3746-e542-4287-b021-e2e3df2fd345,0.0,-13.0,13.0,13.0
89a62260-457a-0136-80f8-0242ac114a0f,0.0,-6.0,6.0,6.0
b616ef60-319f-0136-0b75-0242ac111c08,0.0,-9.0,9.0,9.0
3eb5d160-1fc7-0136-dec4-0242ac111c08,0.0,-2.0,2.0,2.0
1d64bc95-3db0-4654-8f9e-a1b9f3aa8b45,0.0,-1.0,1.0,1.0
b8884207-47f8-4f2e-9627-d97c1f21962b,0.0,-4.0,4.0,4.0
0761feef-10ac-4666-b841-bb1b9b36267c,0.0,-2.0,2.0,2.0
79623283-a694-4bdc-a38f-22a90916cb72,0.0,1.0,-1.0,1.0
d59f7d90-c6ca-4e4f-a1df-56fa31626a61,0.0,-1.0,1.0,1.0
cd9f1eaa-fd08-4a35-a64a-369e617e2a08,0.0,1.0,-1.0,1.0
0666835e-34d4-4257-851e-82d6e77ef8f2,0.0,-1.0,1.0,1.0
43f99dd0-faa5-0135-8191-0242ac116709,0.0,-4.0,4.0,4.0
fbe5bc0b-452e-4a3f-ba18-39eccd4ee3c4,0.0,-1.0,1.0,1.0
75f711b5-7545-4901-8ee6-b6313cc8d2d5,0.0,1.0,-1.0,1.0
9998e728-ab48-4ded-94cc-b458d68c32a0,0.0,-1.0,1.0,1.0
e4aec910-08ca-0136-0298-0242ac115108,0.0,-4.0,4.0,4.0
5cbbd3e1-eae9-4ccb-b935-4e1c37319809,0.0,-1.0,1.0,1.0
1acdc7d0-a380-4d57-ae42-6dabe4d95210,0.0,1.0,-1.0,1.0
72132f07-0720-4d95-bde8-f1196e550667,0.0,-4.0,4.0,4.0
e2618ea0-212d-0134-ec2c-4e4fb2f17678,0.0,-279.0,279.0,279.0
efb3eb6a-e5a4-4390-924e-b5cbba522582,0.0,-1.0,1.0,1.0
ae6f53d0-03a0-4ca3-bcbf-1b975cec24f0,0.0,1.0,-1.0,1.0
949f96f0-f880-0135-c57e-0242ac11560d,0.0,-1.0,1.0,1.0
3bf2aa07-a17b-4317-99db-9a0019901a85,0.0,-1.0,1.0,1.0
f349de40-d718-45f3-9f2c-94fd20de7556,0.0,28.0,-28.0,28.0
bb25e3bb-7baa-4b49-8515-d92407ef0f20,0.0,-1.0,1.0,1.0
ea425c17-3a91-48b9-97fc-ce2fb05fe1d0,0.0,-9.0,9.0,9.0
b2e30224-575f-4863-8541-5350c8c53b7f,0.0,-1.0,1.0,1.0
6ccbe8ed-c165-4546-8774-9fda12d32dd1,0.0,77.0,-77.0,77.0
0d73f609-5e9a-4d32-9179-cdf7efe802d5,0.0,1.0,-1.0,1.0
88fcf460-05a1-0136-de8f-0242ac115108,0.0,-4.0,4.0,4.0
6c1d04d5-d15f-42ab-b5a0-2c7963a716c6,0.0,-17.0,17.0,17.0
7f45abdc-12f0-4419-a94c-206c3b8abb23,0.0,-1.0,1.0,1.0
c687de3c-e571-49e5-a9fd-168cd320e99b,0.0,1.0,-1.0,1.0
f5385191-f128-4d04-b986-d70a131a2856,0.0,-1.0,1.0,1.0
8d7073ee-d4cd-4d6a-be38-866dcc99d93d,0.0,-1.0,1.0,1.0
22d69a4e-0665-4368-8cf8-e41232653b43,0.0,-1.0,1.0,1.0
3fdddfd3-a3d0-434f-a170-759cc1b4bfc6,0.0,1.0,-1.0,1.0
0b7a540e-1e13-45c6-96a1-39a204a3070e,0.0,-1.0,1.0,1.0
26bbcf61-4e7c-4953-a731-572d7cca67d4,0.0,1.0,-1.0,1.0
68deb1bc-bff3-4789-91c4-83715d937ce8,0.0,-1.0,1.0,1.0
f2d625f1-5d47-489b-a9fa-dc6ab03b4874,0.0,-1.0,1.0,1.0
df84be55-76cf-4304-97af-0551ef888d4f,0.0,-1.0,1.0,1.0
e2b7fe25-9bf7-44e0-b218-b60db37e823e,0.0,-10.0,10.0,10.0
f557e47b-7605-443d-ad6f-d9647435adb0,0.0,-23.0,23.0,23.0
c989e214-f33a-45bd-b671-b8de77359dd0,0.0,-1.0,1.0,1.0
9d0f1440-dbdd-0135-533b-0242ac111c09,0.0,-1.0,1.0,1.0
59e007cb-8538-4d87-8a81-05e715f1f2c8,0.0,9.0,-9.0,9.0
59801192-bb3c-4d85-bb34-8f59901ea486,0.0,-1.0,1.0,1.0
83bb4ce0-064c-0135-485c-0242ac110907,0.0,-4.0,4.0,4.0
f79f78dd-896e-4751-8ebd-76bd601889b3,0.0,-1.0,1.0,1.0
4c58aa30-8a80-0135-a184-0242ac112c0a,0.0,-1.0,1.0,1.0
bd185385-505b-4413-8fc7-e5038e85343e,0.0,-3.0,3.0,3.0
662a42d5-a414-4569-9990-c089ae5fcc77,0.0,-1.0,1.0,1.0
044f2740-7b48-47f2-bf0e-226ee9b7ca86,0.0,1.0,-1.0,1.0
fa05cb3c-8eff-46b8-b7ca-c8c4080f4d7f,0.0,-9.0,9.0,9.0
238dd155-cf00-4b0c-986b-8d9c45db1d25,0.0,-1.0,1.0,1.0
e843a570-e534-0135-a847-0242ac116708,0.0,-1.0,1.0,1.0
a70a221a-312e-41d2-9505-90799681e7f5,0.0,-1.0,1.0,1.0
6faab8f9-05b4-4c00-9e13-041b9eb81b71,0.0,-1.0,1.0,1.0
d76487de-1224-406a-8650-1de834de5374,0.0,-1.0,1.0,1.0
9eb22041-ab89-4c35-8969-eb2e53061e79,0.0,-1.0,1.0,1.0
446b0ac0-9140-0135-61dc-0242ac115106,0.0,-1.0,1.0,1.0
224f9632-bb13-4a06-a688-355fd7e73fc9,0.0,1.0,-1.0,1.0
072cc0b0-f87f-4b0b-bafb-c34b875dbeb4,0.0,-1.0,1.0,1.0
3d3e7bf9-e8b9-44e3-9302-a9b23ee9c1bb,0.0,1.0,-1.0,1.0
32062772-fe66-4c04-8064-3b064753034e,0.0,1.0,-1.0,1.0
397e4b0c-01b5-4eb4-a82b-9280ac7b6faf,0.0,-1.0,1.0,1.0
23bc7990-8ce7-0135-8f98-0242ac116713,0.0,-1.0,1.0,1.0
4cd684a1-5e50-464e-85b6-67eea318fbb1,0.0,-1.0,1.0,1.0
11468a24-c254-400d-bf04-ecffb3b12dc4,0.0,-24.0,24.0,24.0
d4799759-fc71-4176-9097-a3267b48dea6,0.0,-1.0,1.0,1.0
d705d1de-e628-423b-b925-5cb77edda0d8,0.0,-1.0,1.0,1.0
918ebd24-5977-41f6-85bd-c360fded3128,0.0,-1.0,1.0,1.0
0e0b6a84-35b4-487b-a67f-ad3111612e31,0.0,-1.0,1.0,1.0
953a7690-41c6-0136-48fb-0242ac11560f,0.0,-1.0,1.0,1.0
45f73958-c030-486f-bbdb-dee140217056,0.0,1.0,-1.0,1.0
654de9c5-f8df-4eea-9a45-a3d53f9dedb4,0.0,-3.0,3.0,3.0
fc9e0fbb-cbb5-4560-b394-796354fbb421,0.0,-1.0,1.0,1.0
3cf4d3bd-fba1-428b-93e7-d5690ee781cd,0.0,-1.0,1.0,1.0
416e1c17-0dd5-4e26-8fbf-b8c4741e9907,0.0,-4.0,4.0,4.0
bc2e2027-6585-41f3-97fc-14ae3fc956f9,0.0,-1.0,1.0,1.0
4319887a-f94a-40e8-b025-233b5bc27626,0.0,-6.0,6.0,6.0
8f6301ac-f800-4850-839b-27a2d65e17ed,0.0,-1.0,1.0,1.0
17bf913a-e30b-4f27-a0c5-6c11accc145e,0.0,1.0,-1.0,1.0
1b521e2e-1f6d-4e0b-bdd0-68911857d318,0.0,-8.0,8.0,8.0
06d5c4e3-3715-4b98-b9f9-de12447afebe,0.0,-1.0,1.0,1.0
b336294b-5873-44a1-992c-5c526748cf5d,0.0,1.0,-1.0,1.0
71723d80-b6fb-4e44-85ff-5bda12ff8b91,0.0,1.0,-1.0,1.0
31f22781-420e-4864-9510-b652e90c626d,0.0,-1.0,1.0,1.0
14b5832f-643e-499e-9d54-bc14bc6f3649,0.0,-5.0,5.0,5.0
46c5e780-e502-4f6d-a4b4-908ca0c9ac10,0.0,-1.0,1.0,1.0
b41b0305-3252-491e-9019-367da2dd9a0a,0.0,1.0,-1.0,1.0
c5454018-4c2b-4ceb-a973-d4639a2042f6,0.0,1.0,-1.0,1.0
d746db19-fe2a-4f8b-829d-42c94ae520a7,0.0,-1.0,1.0,1.0
161f635e-0d5e-4215-96e4-d1e9c0c2795d,0.0,-1.0,1.0,1.0
2322cbaf-90b4-4c6c-be36-4facd6508374,0.0,-2.0,2.0,2.0
41665a4c-29c8-4123-8abf-07538a91cb2c,0.0,-1.0,1.0,1.0
6ec96410-0561-0136-de43-0242ac115108,0.0,-1.0,1.0,1.0
5a773380-60df-0135-e681-0242ac11260c,0.0,2.0,-2.0,2.0
08f536a0-1eb8-0136-9f0b-0242ac115605,0.0,-1.0,1.0,1.0
5acf7716-f3f5-4a80-92ca-6833777c8469,0.0,1.0,-1.0,1.0
4f61fbee-d2c0-4ea5-9af1-48fd95c22f1a,0.0,6.0,-6.0,6.0
833b8a40-2b65-0136-b8d5-0242ac112108,0.0,-1.0,1.0,1.0
52607143-b59b-4ec5-a1db-ddcdcd90b097,0.0,-1.0,1.0,1.0
a05c9570-0d8c-0135-586e-0242ac11350b,0.0,-8.0,8.0,8.0
5beec98a-9d21-4c2e-b638-3c6f19cb233f,0.0,-1.0,1.0,1.0
fb055dc0-a1d8-0135-d37d-0242ac116706,0.0,-1.0,1.0,1.0
a0e17c90-0001-0136-be8d-0242ac116709,0.0,-2.0,2.0,2.0
71b13fed-206e-4865-be5c-4056060d1b07,0.0,-4.0,4.0,4.0
1ac2e52d-d425-45e4-9d50-207eb1134154,0.0,-1.0,1.0,1.0
10a6d928-41a2-4eb6-bbc2-690725b1bd5e,0.0,-1.0,1.0,1.0
f8961440-3b1a-0135-1204-0242ac11130c,0.0,-1.0,1.0,1.0
28b84e41-166a-4aa2-bef3-03e140b6df06,0.0,-1.0,1.0,1.0
26f7fb48-288f-4e53-8234-30eedbde2100,0.0,-1.0,1.0,1.0
831bf590-ec81-0134-533f-0242ac115504,0.0,-1.0,1.0,1.0
75926579-35d1-4308-a2c8-3c5af7d3d4cf,0.0,1.0,-1.0,1.0
c8371fe8-4644-40b8-accf-ca58bda6cb9f,0.0,-1.0,1.0,1.0
6e7d44e0-6b1a-0135-f7cf-0242ac116707,0.0,-1.0,1.0,1.0
efb98b57-39f1-45b7-bb4d-c1bb671316e0,0.0,-1.0,1.0,1.0
ea6bbf42-6ed1-463b-b704-a4ab365a8dfe,0.0,-1.0,1.0,1.0
2213cf96-7304-464b-af10-4e2c4030076f,0.0,6.0,-6.0,6.0
3f67c000-8251-0130-f786-123138068411,0.0,267.0,-267.0,267.0
5fc08160-d17a-0135-2b75-0242ac11670d,0.0,-1.0,1.0,1.0
52175370-a090-0135-25d2-0242ac112c0e,0.0,-1.0,1.0,1.0
18176840-2201-0134-e8f1-1ebed0279762,0.0,-1.0,1.0,1.0
88fc8750-30df-0136-e74b-0242ac115609,0.0,-1.0,1.0,1.0
e82a7752-be17-44db-a3c9-3b116e1882f8,0.0,-22.0,22.0,22.0
349cf36e-455f-4b03-80f1-67216d60a1db,0.0,-1.0,1.0,1.0
9db72830-d74d-45df-ba1a-c4adee1fc4b6,0.0,-1.0,1.0,1.0
696cb050-51e5-4845-880b-cefd043e5b74,0.0,-1.0,1.0,1.0
8c0e7530-28e3-0136-8156-0242ac115605,0.0,-1.0,1.0,1.0
23f056c0-1bf0-0136-90d6-0242ac115605,0.0,-1.0,1.0,1.0
Looker Net Desk Change,Sf Net Desk Change
3465.0,3640.0
